timestamp,phase,task,power_w,cpu_pct,mem_pct,mem_used_mb,swap_mb,cpu_temp_c,cpu_freq_mhz,disk_read_mbs,disk_write_mbs,net_rx_kbs,net_tx_kbs,load_1m,load_5m,process_count,context_switches
1769560739.248550190,light_bat,idle,20.05,0.5,32.4,5089,3303,59.0,1883,0,0,0,0,2.69,7.58,461,0
1769560741.584636941,light_bat,idle,18.14,98.1,35.9,5642,3302,60.0,2150,153.95,2.52,68.36,29.82,2.69,7.58,467,39515
1769560743.944407309,light_bat,idle,30.56,94.7,41.0,6436,3302,61.0,2052,35.32,2.78,7619.02,131.04,2.71,7.50,474,49709
1769560746.440725224,light_bat,idle,30.81,93.6,44.4,6984,3302,61.0,2119,67.50,2.61,161.79,56.74,2.71,7.50,478,33367
1769560748.875848215,light_bat,idle,30.32,98.9,47.5,7462,3302,62.0,2165,24.96,1.44,3426.90,34.68,3.46,7.58,485,33701
1769560751.437722996,light_bat,idle,28.97,85.7,47.5,7461,3302,61.0,2147,7.44,.47,4.24,2.94,3.46,7.58,489,31889
1769560753.971858803,light_bat,idle,27.57,95.8,46.3,7271,3302,62.0,2146,4.25,.30,7.78,2.68,3.90,7.60,489,35177
1769560756.437084644,light_bat,idle,27.67,76.7,48.6,7642,3302,62.0,2083,1.94,.51,.42,.72,3.90,7.60,489,34452
1769560758.870690657,light_bat,idle,29.31,70.1,47.3,7435,3302,62.0,2056,1.67,.35,.39,.37,4.71,7.71,489,33446
1769560761.298170398,light_bat,idle,29.14,87.1,48.5,7622,3302,61.0,2075,2.01,.76,1.54,20.14,4.71,7.71,524,38007
1769560763.781435889,light_bat,idle,30.12,94.6,50.2,7886,3302,64.0,2144,9.53,47.49,57.06,16.24,5.05,7.73,520,40416
1769560766.367877845,light_bat,idle,27.89,85.4,50.5,7943,3302,59.0,2183,1.59,1.00,14.56,7.23,5.05,7.73,489,33489
1769560768.800803489,light_bat,idle,28.40,89.1,49.4,7759,3302,64.0,2200,1.39,.65,19.69,10.27,5.45,7.77,490,35108
1769560771.321688303,light_bat,idle,30.24,88.9,51.5,8093,3302,62.0,2075,1.39,.74,34.16,13.31,5.45,7.77,475,31897
1769560773.819878368,light_bat,idle,29.58,87.6,49.4,7766,3302,61.0,2200,3.00,.45,19.28,9.22,5.74,7.79,475,37444
1769560776.290331880,light_bat,idle,27.62,94.5,50.5,7928,3302,64.0,2075,1.50,.78,17.72,5.90,5.74,7.79,475,35314
1769560778.771347385,light_bat,idle,27.85,73.6,50.3,7898,3302,59.0,2093,2.25,.37,.06,.16,6.80,7.97,474,33604
1769560781.192494207,light_bat,idle,26.89,71.6,50.3,7906,3302,59.0,2200,1.45,.31,.15,.26,6.80,7.97,474,32948
1769560783.544530595,light_bat,idle,27.89,83.3,50.9,7994,3302,62.0,2149,1.66,.32,.03,.05,6.81,7.96,472,34554
1769560786.066181567,light_bat,idle,27.47,92.6,49.4,7770,3302,62.0,2100,1.50,.19,.17,.19,6.81,7.96,474,34971
1769560788.534319117,light_bat,idle,26.35,99,50.2,7884,3302,61.0,2128,1.53,.49,0,0,6.67,7.91,474,35479
1769560791.014815336,light_bat,idle,28.65,78,49.4,7756,3302,59.0,2150,1.52,.45,2.54,16.84,6.67,7.91,474,28779
1769560793.429696243,light_bat,idle,29.85,77.8,51.2,8050,3302,61.0,2200,2.00,.44,61.04,6.00,6.54,7.86,468,35555
1769560795.871558362,light_bat,idle,30.68,87.9,50.5,7938,3302,62.0,2195,3.50,.51,17.55,8.01,6.54,7.86,468,33328
1769560798.296065933,light_bat,idle,28.26,84.4,50.5,7931,3302,61.0,2150,1.50,.70,7.56,5.15,6.89,7.91,469,35215
1769560800.756731592,light_bat,idle,28.26,96.2,50.6,7959,3302,61.0,2127,1.55,.74,19.28,11.53,6.89,7.91,469,35072
1769560803.240757926,light_bat,idle,28.28,73.6,49.4,7768,3302,61.0,2195,2.50,.60,16.63,1.35,7.14,7.95,469,32486
1769560805.654969945,light_bat,idle,28.31,73.1,50.8,7986,3302,62.0,2127,4.00,.25,4.84,1.90,7.14,7.95,467,32604
1769560808.071974865,light_bat,idle,28.42,76.7,48.5,7627,3302,61.0,2136,1.83,.35,0,0,6.89,7.88,466,35935
1769560810.508810195,light_bat,idle,28.56,81.1,50.2,7885,3302,61.0,2025,1.39,.34,0,0,6.89,7.88,467,26173
1769560812.983133478,light_bat,idle,28.37,57,50.4,7919,3302,58.0,1975,1.98,.47,.06,.08,6.66,7.82,467,19059
1769560815.369516424,light_bat,idle,27.87,47.7,49.9,7847,3302,58.0,1979,1.79,.11,.55,12.03,6.66,7.82,465,20705
1769560817.755418621,light_bat,idle,27.43,52.3,49.6,7791,3302,58.0,2011,1.87,.52,33.87,2.38,6.66,7.82,465,20112
1769560820.137277512,light_bat,idle,26.97,43.7,49.3,7749,3302,61.0,2169,3.34,.12,6.15,4.70,6.37,7.74,463,20707
1769560822.567898563,light_bat,idle,26.40,57.8,46.2,7256,3302,59.0,2100,2.19,.36,23.40,8.55,6.37,7.74,466,22029
1769560825.001358919,light_bat,idle,26.31,77.7,47.4,7444,3301,61.0,2200,10.76,74.41,21.43,10.49,6.66,7.77,495,29800
1769560827.410081395,light_bat,idle,26.34,60.7,46.8,7349,3301,59.0,2126,2.00,.28,.12,.47,6.66,7.77,465,19555
1769560829.804438000,light_bat,idle,26.08,60.9,47.1,7397,3301,61.0,2100,1.87,1.06,.73,7.41,6.44,7.71,464,19712
1769560832.201627983,light_bat,idle,25.92,44.8,46.7,7345,3301,58.0,2076,1.75,.17,18.76,4.66,6.44,7.71,462,20386
1769560834.587055984,light_bat,idle,25.86,60.2,45.5,7145,3301,58.0,2005,1.75,.33,9.82,2.13,6.65,7.73,463,21563
1769560836.989353449,light_bat,idle,25.77,83.3,46.0,7228,3301,59.0,2100,2.02,.11,.21,.48,6.65,7.73,462,21735
1769560839.396446837,light_bat,idle,25.58,43.7,46.0,7221,3301,58.0,2148,2.00,.22,0,0,6.52,7.69,461,21726
1769560841.790383197,light_bat,idle,25.42,44.8,45.2,7105,3301,59.0,1971,2.00,.11,.03,.05,6.52,7.69,460,21126
1769560844.181878674,light_bat,idle,25.28,42.5,45.7,7189,3301,58.0,2050,2.00,.41,.13,0,6.31,7.62,460,20621
1769560846.570226951,light_bat,idle,25.33,51.7,44.7,7018,3301,59.0,2138,1.87,.11,0,0,6.31,7.62,459,21989
1769560848.991353129,light_bat,idle,25.23,69.3,45.1,7093,3301,59.0,2200,1.87,.11,.03,.04,6.13,7.56,460,22470
1769560851.417194702,light_bat,idle,25.14,67,45.8,7201,3301,59.0,2149,1.75,.22,.12,.36,6.13,7.56,460,20016
1769560853.831455093,light_bat,idle,25.24,43.7,45.7,7175,3301,57.0,2175,3.57,.11,10.69,3.28,6.20,7.55,460,23935
1769560856.220025019,light_bat,idle,25.24,44.3,45.8,7193,3301,58.0,2025,3.00,.35,0,0,6.20,7.55,458,21102
1769560858.607655334,light_bat,idle,25.34,43.2,44.4,6974,3301,59.0,1993,2.00,.10,0,0,7.22,7.75,456,20484
1769560861.025484193,light_bat,idle,25.12,64,44.4,6981,3301,59.0,2125,2.67,.10,0,0,7.22,7.75,461,23094
1769560863.480631515,light_bat,idle,25.01,70.3,45.7,7176,3301,57.0,2000,2.00,.22,10.62,2.53,7.05,7.70,460,21495
1769560865.876019068,light_bat,idle,24.83,64.6,45.6,7172,3301,57.0,2100,2.37,.37,4.96,1.46,7.05,7.70,460,19009
1769560868.276359306,light_bat,idle,24.94,42.5,45.3,7122,3301,58.0,2049,1.87,.10,.09,.12,6.88,7.65,459,19444
1769560870.664768937,light_bat,idle,24.74,55.7,45.6,7160,3301,59.0,2104,1.75,.17,.14,.61,6.88,7.65,456,21099
1769560873.063434146,light_bat,idle,24.80,60.9,44.6,7006,3301,59.0,2125,1.75,.33,12.29,2.22,6.81,7.63,459,21386
1769560875.464539340,light_bat,idle,24.78,84.9,45.3,7112,3301,59.0,1988,1.75,.11,0,0,6.81,7.63,460,19987
1769560877.896617993,light_bat,idle,24.86,43.7,45.3,7124,3301,58.0,2100,1.94,.59,.47,3.99,6.83,7.62,460,20090
1769560880.283282109,light_bat,idle,24.80,47.7,45.0,7070,3301,57.0,2025,1.87,.12,0,0,6.83,7.62,460,19637
1769560882.673785167,light_bat,idle,24.70,44.8,44.7,7023,3301,58.0,2048,1.88,.52,.16,.41,6.83,7.62,460,18964
1769560885.062428972,light_bat,idle,24.66,81.1,44.9,7059,3301,58.0,2100,1.78,.57,5.09,1.79,6.84,7.61,493,27560
1769560887.480506547,light_bat,idle,24.74,65.9,44.6,7016,3301,57.0,2090,1.80,88.33,17.79,3.86,6.84,7.61,461,23170
1769560889.892647802,light_bat,idle,24.74,68.1,45.6,7169,3301,59.0,2200,1.87,.37,.15,.56,6.53,7.53,461,21102
1769560892.300824353,light_bat,idle,24.98,62.2,45.7,7188,3301,57.0,2081,1.75,.11,22.94,5.45,6.53,7.53,460,22467
1769560894.703678087,light_bat,idle,25.13,48.3,45.8,7193,3301,55.0,2000,1.75,.14,4.19,1.13,6.25,7.45,459,21662
1769560897.089628621,light_bat,idle,25.21,43.5,44.7,7017,3301,57.0,2050,1.75,.14,4.27,1.34,6.25,7.45,456,21953
1769560899.503038187,light_bat,idle,25.22,65.9,44.6,7015,3301,58.0,2138,1.75,.41,.09,0,5.99,7.38,460,24241
1769560901.928686177,light_bat,idle,25.20,70.8,45.0,7077,3301,57.0,2026,1.96,.31,.06,.13,5.99,7.38,458,22084
1769560904.320049047,light_bat,idle,25.02,50,45.0,7069,3301,55.0,2000,1.65,.11,0,0,5.83,7.32,459,20830
1769560906.704589593,light_bat,idle,25.04,58,45.4,7136,3301,57.0,2163,1.75,.12,.19,1.46,5.83,7.32,460,21144
1769560909.090322287,light_bat,idle,25.12,40.7,44.9,7062,3301,55.0,2075,1.62,.12,2.56,1.70,5.76,7.28,460,20824
1769560911.475600317,light_bat,idle,25.07,70.8,44.6,7006,3301,58.0,2100,1.62,.34,9.45,2.12,5.76,7.28,459,21637
1769560913.900066103,light_bat,idle,25.17,86.8,45.1,7080,3301,57.0,2050,2.00,.11,.09,.12,5.54,7.21,460,22438
1769560916.320132365,light_bat,idle,25.08,71.6,45.4,7142,3301,57.0,2100,1.87,.21,.03,.04,5.54,7.21,460,21025
1769560918.718086720,light_bat,idle,25.18,60.2,44.9,7048,3301,55.0,2000,1.75,.10,.14,.57,5.42,7.16,460,21849
1769560921.853450876,medium_bat,light_mixed,25.42,67.8,33.5,5270,3301,55.0,1942,0,0,0,0,5.42,7.16,425,0
1769560924.255333710,medium_bat,light_mixed,25.66,63.6,34.2,5373,3301,59.0,2109,211.52,174.79,89.89,226.55,5.30,7.11,425,44672
1769560926.692965548,medium_bat,light_mixed,26.09,75.2,32.5,5110,3301,57.0,2094,383.38,389.19,62.63,364.77,5.30,7.11,433,43963
1769560929.189648300,medium_bat,light_mixed,26.17,97.7,32.5,5103,3301,59.0,2140,443.83,412.36,58.24,129.96,5.52,7.12,434,48723
1769560931.643755962,medium_bat,light_mixed,26.91,97.8,32.4,5097,3301,59.0,2075,430.50,294.58,42.39,119.16,5.52,7.12,434,43752
1769560934.062629704,medium_bat,light_mixed,27.91,93.3,32.6,5119,3301,59.0,2100,403.83,508.30,78.61,222.53,6.44,7.29,434,41831
1769560936.544477277,medium_bat,light_mixed,28.32,97.8,32.5,5106,3301,58.0,2125,496.49,308.73,76.99,371.72,6.44,7.29,432,45642
1769560938.986203239,medium_bat,light_mixed,28.64,92.2,33.3,5236,3301,58.0,2125,276.19,193.60,50.90,136.84,6.64,7.31,433,54554
1769560941.432442424,medium_bat,light_mixed,28.93,92.3,33.2,5212,3301,59.0,2084,194.18,6.18,59.41,237.85,6.64,7.31,433,50194
1769560943.870604874,medium_bat,light_mixed,29.22,93.4,32.8,5160,3301,59.0,2125,332.57,226.34,35.46,106.83,7.31,7.44,433,52309
1769560946.321479887,medium_bat,light_mixed,29.40,98.9,33.7,5294,3301,58.0,2175,379.61,7.51,69.38,297.10,7.31,7.44,468,51071
1769560948.856566457,medium_bat,light_mixed,29.59,94.6,33.4,5248,3301,59.0,2125,313.76,224.30,60.65,245.87,7.37,7.45,436,47571
1769560951.330520223,medium_bat,light_mixed,29.73,98.9,34.4,5411,3301,61.0,2150,190.53,6.94,102.20,381.44,7.37,7.45,435,36928
1769560953.784578998,medium_bat,light_mixed,29.83,98.1,33.1,5194,3301,59.0,2186,112.29,192.88,92.16,390.64,7.66,7.51,435,38991
1769560956.304060533,medium_bat,light_mixed,30.04,100,35.0,5502,3301,59.0,2150,120.16,5.57,60.69,312.23,7.66,7.51,434,40085
1769560958.777552144,medium_bat,light_mixed,30.08,96.2,33.5,5257,3301,58.0,2125,98.79,103.77,78.38,317.29,7.85,7.55,435,32826
1769560961.265626794,medium_bat,light_mixed,30.16,96.8,33.4,5252,3301,61.0,2175,104.11,187.50,47.07,236.98,7.85,7.55,435,33061
1769560963.678287939,medium_bat,light_mixed,30.19,97.2,33.3,5230,3301,59.0,2200,81.88,4.97,98.80,400.03,8.66,7.73,435,26723
1769560966.304297240,medium_bat,light_mixed,30.34,88.9,33.8,5309,3301,59.0,2200,82.13,182.18,78.31,441.41,8.66,7.73,435,26354
1769560968.767586009,medium_bat,light_mixed,30.34,85.6,33.9,5326,3301,62.0,2141,89.43,4.94,35.10,205.28,9.33,7.88,435,25249
1769560971.293480266,medium_bat,light_mixed,30.45,85.6,33.8,5304,3301,59.0,2150,86.79,102.90,46.56,199.21,9.33,7.88,435,25537
1769560973.815989178,medium_bat,light_mixed,30.40,90,33.6,5276,3301,62.0,2117,78.56,166.93,55.40,312.57,9.46,7.93,435,24487
1769560976.279886295,medium_bat,light_mixed,30.43,97.8,35.5,5586,3301,62.0,2150,5.75,4.95,66.69,254.20,9.46,7.93,434,19570
1769560978.761524377,medium_bat,light_mixed,30.45,98.1,35.6,5587,3301,61.0,2168,15.09,6.80,41.71,244.33,9.35,7.93,435,23541
1769560981.253945663,medium_bat,light_mixed,30.38,95,35.7,5607,3301,62.0,2123,59.10,4.95,62.98,298.73,9.35,7.93,435,24172
1769560983.749307588,medium_bat,light_mixed,30.48,100,35.5,5577,3301,61.0,2144,81.70,117.20,51.61,199.94,9.32,7.95,434,26855
1769560986.243468746,medium_bat,light_mixed,30.51,84.4,35.7,5616,3301,59.0,2100,78.75,138.84,7.65,64.45,9.32,7.95,435,22703
1769560988.699398351,medium_bat,light_mixed,30.51,95.8,33.4,5255,3301,61.0,2123,82.15,8.17,17.67,193.87,9.05,7.92,434,24857
1769560991.283484157,medium_bat,light_mixed,30.53,96.7,34.5,5424,3301,59.0,2175,90.75,152.35,19.06,165.08,9.05,7.92,435,23138
1769560993.701618183,medium_bat,light_mixed,30.53,85.7,33.6,5286,3301,59.0,2120,81.75,147.17,20.33,221.73,9.29,7.99,435,22724
1769560996.159700452,medium_bat,light_mixed,30.40,98,34.8,5468,3301,61.0,2174,80.96,5.57,16.69,114.60,9.29,7.99,435,24123
1769560998.733302995,medium_bat,light_mixed,30.39,94.7,33.8,5304,3301,59.0,2200,82.66,112.72,20.59,233.17,9.75,8.10,435,22853
1769561001.186828430,medium_bat,light_mixed,30.32,94.6,34.0,5343,3301,61.0,2200,83.90,137.36,16.73,144.67,9.75,8.10,433,24512
1769561003.710039027,medium_bat,light_mixed,30.17,90.3,34.3,5395,3301,59.0,2200,83.77,132.62,18.42,274.75,9.45,8.07,434,23015
1769561006.140151578,medium_bat,light_mixed,30.00,96.6,34.1,5357,3301,60.0,2200,80.95,193.58,13.72,117.23,9.45,8.07,433,22869
1769561008.611617006,medium_bat,light_mixed,29.89,100,34.5,5427,3301,62.0,2200,80.90,9.02,27.52,260.81,10.13,8.23,467,30430
1769561011.186692163,medium_bat,light_mixed,29.82,97.9,34.9,5487,3301,61.0,2200,82.36,163.23,22.81,98.53,10.13,8.23,466,24912
1769561013.671792312,medium_bat,light_mixed,29.68,94.6,34.8,5463,3301,62.0,2130,85.86,5.58,54.82,313.81,10.20,8.28,434,24488
1769561016.125382164,medium_bat,light_mixed,29.74,82.2,33.8,5309,3301,59.0,2150,84.34,192.59,26.08,130.42,10.20,8.28,435,24157
1769561018.586062086,medium_bat,light_mixed,29.88,96,34.1,5351,3301,60.0,2175,80.00,7.72,5.52,139.02,11.23,8.53,435,21985
1769561021.068551768,medium_bat,light_mixed,30.02,92.8,34.1,5354,3301,59.0,2150,92.50,202.55,19.04,126.03,11.23,8.53,435,24376
1769561023.557084298,medium_bat,light_mixed,30.06,98.9,34.4,5404,3301,59.0,2175,79.53,5.58,23.18,242.25,11.13,8.55,435,23033
1769561026.060476201,medium_bat,light_mixed,30.13,91.4,33.8,5318,3301,59.0,2069,78.92,181.19,13.71,162.41,11.13,8.55,435,23592
1769561028.536087405,medium_bat,light_mixed,30.24,81.1,36.0,5654,3301,61.0,2200,4.82,5.57,14.02,223.69,11.04,8.57,434,17811
1769561030.967220834,medium_bat,light_mixed,30.16,97.8,35.7,5611,3301,61.0,2200,18.84,6.21,29.29,137.51,11.04,8.57,435,21153
1769561033.484988756,medium_bat,light_mixed,30.21,88.8,36.0,5657,3301,59.0,2191,73.75,5.57,13.02,247.09,10.71,8.55,433,23431
1769561035.952471495,medium_bat,light_mixed,30.22,93.5,35.8,5622,3301,62.0,2167,76.98,171.14,26.21,153.95,10.71,8.55,433,22737
1769561038.430552271,medium_bat,light_mixed,30.33,97.8,36.2,5686,3301,61.0,2057,80.49,6.18,16.12,272.62,10.74,8.59,433,23847
1769561040.907866779,medium_bat,light_mixed,30.28,95.6,33.9,5324,3301,61.0,2191,80.77,136.79,28.31,147.68,10.74,8.59,432,24258
1769561043.469731161,medium_bat,light_mixed,30.29,96.2,34.0,5337,3301,59.0,2190,92.75,127.27,22.40,223.38,10.68,8.61,432,24973
1769561046.004327821,medium_bat,light_mixed,30.29,88.2,33.9,5334,3301,59.0,2075,84.10,154.70,18.01,118.64,10.68,8.61,432,22701
1769561048.470849151,medium_bat,light_mixed,30.32,90.4,34.3,5383,3301,59.0,2125,86.15,5.58,21.66,326.18,10.38,8.59,431,24181
1769561050.976036310,medium_bat,light_mixed,30.29,87.5,33.9,5331,3301,61.0,2175,83.96,89.97,22.38,155.19,10.38,8.59,431,23169
1769561053.461399052,medium_bat,light_mixed,30.26,96.9,34.6,5436,3301,59.0,2056,77.37,147.99,15.04,119.44,10.11,8.56,432,22234
1769561055.935238873,medium_bat,light_mixed,30.28,96.7,34.7,5448,3301,62.0,2167,86.94,84.41,33.27,380.53,10.11,8.56,432,24802
1769561058.442084176,medium_bat,light_mixed,30.19,94.7,34.8,5474,3301,61.0,2127,75.20,142.57,18.47,145.26,10.02,8.57,432,22782
1769561060.952558859,medium_bat,light_mixed,30.27,100,34.8,5463,3301,61.0,2194,81.27,6.19,23.12,427.74,10.02,8.57,432,25469
1769561063.499774420,medium_bat,light_mixed,30.24,96.7,33.9,5333,3301,59.0,2125,78.16,220.81,14.37,107.46,10.18,8.62,432,22789
1769561065.973059512,medium_bat,light_mixed,30.25,95.7,34.5,5420,3301,59.0,2125,87.63,121.81,33.25,346.89,10.18,8.62,429,24008
1769561068.472262696,medium_bat,light_mixed,30.22,100,34.7,5454,3301,59.0,2125,85.75,10.19,13.92,123.69,9.93,8.60,429,25498
1769561071.091480408,medium_bat,light_mixed,30.28,99.1,35.1,5521,3301,62.0,2199,92.84,284.82,26.59,333.75,9.93,8.60,431,32948
1769561073.721338432,medium_bat,light_mixed,30.36,98,34.2,5382,3301,64.0,2200,80.34,6.20,35.78,147.45,10.25,8.69,432,24364
1769561076.180069962,medium_bat,light_mixed,30.35,85.9,34.3,5383,3301,61.0,2200,83.28,124.31,18.87,269.76,10.25,8.69,430,23477
1769561078.634639843,medium_bat,light_mixed,30.33,93.6,34.5,5421,3301,62.0,2178,54.89,5.57,5.11,71.34,10.55,8.77,428,20938
1769561081.104214620,medium_bat,light_mixed,30.28,75.6,34.8,5466,3301,59.0,2100,3.50,6.81,13.26,217.43,10.55,8.77,429,18962
1769561083.527941410,medium_bat,light_mixed,30.19,95.1,36.0,5659,3301,59.0,2125,28.59,4.96,21.77,114.31,10.51,8.80,430,20859
1769561086.007373439,medium_bat,light_mixed,30.18,91.3,36.0,5657,3301,61.0,2171,75.89,6.19,25.12,367.45,10.51,8.80,430,23701
1769561088.438044548,medium_bat,light_mixed,30.12,95.3,36.6,5746,3301,61.0,2175,82.85,96.16,11.24,104.46,11.43,9.01,430,23159
1769561090.915632363,medium_bat,light_mixed,30.14,91.5,34.4,5413,3301,59.0,2075,76.75,180.21,25.15,295.13,11.43,9.01,429,23288
1769561093.490687377,medium_bat,light_mixed,30.16,85.6,34.2,5369,3301,59.0,2193,88.28,6.19,10.69,104.83,11.31,9.03,430,23307
1769561095.941769917,medium_bat,light_mixed,30.12,95.7,34.4,5399,3301,61.0,2125,85.52,173.08,21.49,336.38,11.31,9.03,429,24180
1769561098.450627377,medium_bat,light_mixed,30.17,97,34.9,5487,3301,62.0,2100,83.79,109.88,9.29,93.42,11.53,9.11,430,23840
1769561100.951924412,medium_bat,light_mixed,30.13,100,34.4,5412,3301,59.0,2124,81.60,90.33,23.21,326.28,11.53,9.11,428,23601
1769561105.859523119,heavy_bat,medium_mixed,30.05,100,35.5,5571,3301,59.0,2125,0,0,0,0,11.01,9.05,432,0
1769561108.468072484,heavy_bat,medium_mixed,29.74,100,37.3,5857,3301,64.0,2165,99.78,112.70,4.69,62.17,11.81,9.24,435,20083
1769561111.221653609,heavy_bat,medium_mixed,29.89,100,37.8,5943,3301,62.0,2172,67.17,152.64,3.32,72.74,11.81,9.24,435,18464
1769561113.831655531,heavy_bat,medium_mixed,30.01,100,38.6,6064,3301,62.0,2148,66.42,71.96,3.58,63.16,12.22,9.37,432,19148
1769561116.436955692,heavy_bat,medium_mixed,30.10,100,38.7,6081,3301,63.0,2125,96.80,130.49,3.82,80.23,12.22,9.37,435,22680
1769561119.136965211,heavy_bat,medium_mixed,30.16,100,38.6,6065,3301,64.0,2162,93.90,118.30,6.08,95.89,12.85,9.55,435,19166
1769561121.767279025,heavy_bat,medium_mixed,30.35,100,38.7,6082,3301,62.0,2170,111.27,138.41,4.86,74.72,12.85,9.55,433,23307
1769561124.360160633,heavy_bat,medium_mixed,30.56,100,38.9,6106,3301,61.0,2100,99.36,188.41,25.28,100.96,12.86,9.61,433,24300
1769561126.924022639,heavy_bat,medium_mixed,30.67,100,39.0,6128,3301,61.0,2125,108.73,.04,10.51,305.83,12.86,9.61,431,24675
1769561129.574256856,heavy_bat,medium_mixed,30.70,100,38.9,6115,3301,62.0,2000,94.06,115.21,2.34,49.35,12.55,9.60,430,24035
1769561132.120865568,heavy_bat,medium_mixed,30.73,100,40.1,6294,3301,62.0,2041,89.59,185.68,24.54,328.70,12.55,9.60,461,32128
1769561134.789089002,heavy_bat,medium_mixed,30.78,100,39.5,6203,3301,62.0,2200,75.68,90.08,20.91,86.40,12.67,9.67,434,21054
1769561137.279653398,heavy_bat,medium_mixed,30.77,100,39.6,6219,3301,64.0,2150,58.20,5.48,108.66,137.73,12.67,9.67,434,9988
1769561139.863498712,heavy_bat,medium_mixed,30.62,100,40.5,6358,3301,64.0,2125,68.28,.52,496.93,21.30,13.25,9.84,448,26590
1769561142.489929360,heavy_bat,medium_mixed,30.64,100,41.4,6500,3301,62.0,2194,48.92,155.70,1588.76,71.70,13.25,9.84,440,18360
1769561145.137623605,heavy_bat,medium_mixed,30.86,100,44.5,6994,3301,62.0,2122,24.67,5.65,8.48,1.17,13.47,9.94,437,9887
1769561147.619062007,heavy_bat,medium_mixed,30.78,100,44.0,6908,3301,62.0,2075,38.42,.31,4.43,54.59,13.47,9.94,441,8703
1769561150.194070411,heavy_bat,medium_mixed,30.59,100,43.2,6781,3301,65.0,2102,38.54,1.52,0,0,13.52,10.01,440,6409
1769561152.765672077,heavy_bat,medium_mixed,30.50,100,39.5,6202,3301,62.0,2150,39.28,9.11,1.46,23.68,13.52,10.01,433,6090
1769561155.234402615,heavy_bat,medium_mixed,30.37,100,40.0,6278,3301,62.0,2193,188.82,0,0,0,13.15,10.00,434,5918
1769561157.678182414,heavy_bat,medium_mixed,30.36,100,40.3,6325,3301,61.0,2125,41.41,0,0,0,13.15,10.00,435,5894
1769561160.150932014,heavy_bat,medium_mixed,30.09,100,40.4,6341,3301,62.0,2150,46.74,0,0,0,13.30,10.08,434,6258
1769561162.599962637,heavy_bat,medium_mixed,30.00,100,40.3,6327,3301,62.0,2165,52.93,0,10.73,2.63,13.30,10.08,433,6387
1769561165.113395193,heavy_bat,medium_mixed,29.88,87.8,40.6,6374,3301,61.0,2050,27.10,0,.04,0,13.28,10.13,431,5772
1769561167.572629022,heavy_bat,medium_mixed,29.70,100,40.7,6394,3301,64.0,2175,5.78,0,.03,.04,13.28,10.13,434,5622
1769561170.022984219,heavy_bat,medium_mixed,29.67,100,40.9,6428,3301,64.0,2200,8.26,0,.03,.04,13.18,10.16,434,5753
1769561172.477008598,heavy_bat,medium_mixed,29.55,100,41.1,6455,3301,62.0,2200,14.17,0,0,0,13.18,10.16,432,5575
1769561174.839297267,heavy_bat,medium_mixed,29.43,100,41.4,6510,3301,61.0,2100,20.71,116.00,0,0,12.60,10.09,434,6423
1769561177.293532726,heavy_bat,medium_mixed,29.38,100,41.6,6538,3301,64.0,2200,52.86,0,.69,4.94,12.60,10.09,434,6198
1769561179.772038861,heavy_bat,medium_mixed,29.36,99,41.9,6592,3301,62.0,2200,54.05,0,0,0,12.55,10.12,434,5967
1769561182.261403350,heavy_bat,medium_mixed,29.40,79.8,42.4,6655,3301,59.0,2100,26.17,.20,.06,.27,12.55,10.12,433,5923
1769561184.777801592,heavy_bat,medium_mixed,29.28,100,42.5,6679,3301,62.0,2200,59.56,.09,.03,.04,12.51,10.15,434,6036
1769561187.203991967,heavy_bat,medium_mixed,29.28,100,42.6,6696,3301,62.0,2200,55.12,0,0,0,12.51,10.15,434,5964
1769561189.678576562,heavy_bat,medium_mixed,29.30,77.7,43.1,6778,3301,62.0,2095,11.59,.09,.50,3.01,12.39,10.17,431,6420
1769561192.119063224,heavy_bat,medium_mixed,29.18,100,43.5,6828,3301,65.0,2175,44.51,0,18.88,4.84,12.39,10.17,434,6731
1769561194.590151310,heavy_bat,medium_mixed,29.19,100,43.6,6848,3301,65.0,2200,36.21,120.94,.16,.19,12.36,10.20,437,17525
1769561197.078655367,heavy_bat,medium_mixed,29.27,98.9,43.7,6874,3301,61.0,2100,9.61,0,0,0,12.36,10.20,433,6007
1769561199.508864242,heavy_bat,medium_mixed,29.18,100,43.9,6892,3301,62.0,2200,24.75,0,.06,.08,11.93,10.14,435,5929
1769561201.968225707,heavy_bat,medium_mixed,28.91,100,44.0,6909,3301,62.0,2192,10.83,0,0,0,11.93,10.14,434,5649
1769561204.351866169,heavy_bat,medium_mixed,28.68,100,44.0,6917,3301,59.0,2200,29.24,0,0,0,12.01,10.19,434,5530
1769561206.827238214,heavy_bat,medium_mixed,28.26,100,44.2,6944,3301,61.0,2200,27.98,93.72,0,0,12.01,10.19,435,6265
1769561209.281420955,heavy_bat,medium_mixed,28.05,100,44.2,6941,3301,61.0,2200,54.61,0,.06,.08,11.77,10.17,437,5974
1769561211.743659722,heavy_bat,medium_mixed,27.93,98.9,44.2,6943,3301,61.0,2183,54.18,0,0,.19,11.77,10.17,436,5854
1769561214.191101007,heavy_bat,medium_mixed,27.86,75.8,42.9,6738,3335,62.0,2200,27.60,0,.16,.22,11.47,10.14,433,5528
1769561216.613248948,heavy_bat,medium_mixed,27.72,100,43.1,6767,3335,61.0,2200,53.99,0,0,0,11.47,10.14,436,6194
1769561219.080721313,heavy_bat,medium_mixed,27.59,100,43.2,6783,3335,59.0,2200,55.00,0,0,0,11.27,10.12,436,5713
1769561221.537915156,heavy_bat,medium_mixed,27.54,100,42.6,6693,3449,60.0,2200,35.52,0,10.53,2.48,11.27,10.12,433,6232
1769561223.987890957,heavy_bat,medium_mixed,27.45,100,42.5,6679,3471,61.0,2200,3.50,0,.06,.08,11.33,10.15,435,6219
1769561226.505973921,heavy_bat,medium_mixed,27.18,100,42.6,6697,3471,58.0,2200,4.00,0,0,0,11.33,10.15,436,5960
1769561229.011143498,heavy_bat,medium_mixed,27.17,100,42.0,6607,3488,58.0,2200,3.75,0,.03,.04,11.30,10.16,435,5468
1769561231.503949015,heavy_bat,medium_mixed,27.02,100,42.2,6634,3487,61.0,2100,3.37,0,.03,.04,11.30,10.16,436,5391
1769561233.967534704,heavy_bat,medium_mixed,27.05,100,42.2,6632,3487,59.0,2200,3.37,0,0,0,11.12,10.14,436,5985
1769561236.433257124,heavy_bat,medium_mixed,27.24,100,42.2,6628,3496,59.0,2168,4.00,0,0,0,11.12,10.14,435,5774
1769561238.917645973,heavy_bat,medium_mixed,27.47,76.1,42.0,6602,3564,59.0,2175,4.12,113.91,.57,3.69,10.71,10.07,433,6443
1769561241.338674308,heavy_bat,medium_mixed,27.71,100,42.0,6598,3561,61.0,2200,3.25,0,.11,.76,10.71,10.07,436,5815
1769561243.801134962,heavy_bat,medium_mixed,27.58,100,42.1,6616,3561,59.0,2200,4.37,.14,.03,.04,10.81,10.11,435,5716
1769561246.274256768,heavy_bat,medium_mixed,27.46,93.2,41.8,6567,3629,59.0,2200,3.62,0,.03,.31,10.81,10.11,433,5766
1769561248.709769073,heavy_bat,medium_mixed,27.44,100,41.7,6546,3629,59.0,2200,3.62,0,0,0,10.91,10.14,436,5867
1769561251.180081710,heavy_bat,medium_mixed,27.17,100,41.6,6544,3629,59.0,2200,3.25,.08,7.96,1.07,10.91,10.14,435,6371
1769561253.639049040,heavy_bat,medium_mixed,27.00,100,41.4,6506,3643,59.0,2200,3.88,0,19.66,5.81,10.75,10.12,432,6452
1769561256.088050135,heavy_bat,medium_mixed,26.94,100,42.1,6621,3642,61.0,2200,13.00,47.86,4.22,1.09,10.75,10.12,467,17188
1769561258.555470747,heavy_bat,medium_mixed,27.00,100,42.1,6617,3642,59.0,2200,3.62,0,.09,.20,10.85,10.15,436,6160
1769561261.028631695,heavy_bat,medium_mixed,26.94,100,41.4,6509,3676,60.0,2200,3.75,0,.06,.12,10.85,10.15,436,6132
1769561263.504493632,heavy_bat,medium_mixed,26.73,100,41.4,6500,3690,59.0,2200,3.37,0,0,0,10.62,10.11,434,5951
1769561265.989370965,heavy_bat,medium_mixed,26.68,100,41.3,6487,3690,59.0,2200,3.37,0,0,0,10.62,10.11,436,5688
1769561268.422692326,heavy_bat,medium_mixed,26.67,100,41.4,6503,3690,59.0,2200,3.37,0,0,0,10.57,10.11,435,5974
1769561270.916520276,heavy_bat,medium_mixed,26.70,86,41.2,6469,3749,58.0,2200,3.75,0,.06,.08,10.57,10.11,435,5789
1769561273.367643319,heavy_bat,medium_mixed,26.48,100,41.6,6542,3725,62.0,2175,5.38,.09,.19,.36,10.45,10.09,436,6833
1769561275.831394644,heavy_bat,medium_mixed,27.00,100,41.3,6493,3736,59.0,2125,4.31,0,.06,.08,10.45,10.09,436,7432
1769561278.322325739,heavy_bat,medium_mixed,27.17,70.7,40.9,6429,3841,59.0,2200,2.00,0,0,0,10.25,10.06,433,6348
1769561280.741177155,heavy_bat,medium_mixed,27.23,100,40.8,6406,3841,59.0,2200,1.75,0,0,0,10.25,10.06,437,6218
1769561283.213181606,heavy_bat,medium_mixed,27.10,100,42.1,6617,3955,59.0,2200,2.96,1.60,16.26,49.39,10.55,10.12,436,13824
1769561287.114639914,ultra_bat,heavy_mixed,27.09,100,43.5,6829,3976,58.0,2050,0,0,0,0,10.55,10.12,438,0
1769561289.712902593,ultra_bat,heavy_mixed,26.64,100,42.8,6730,3962,58.0,2050,1.38,.05,0,0,10.83,10.19,438,11518
1769561292.317941914,ultra_bat,heavy_mixed,26.30,100,42.7,6707,3960,57.0,2050,1.76,0,.03,.04,10.83,10.19,438,15516
1769561294.939948103,ultra_bat,heavy_mixed,25.98,100,42.1,6610,3960,57.0,2050,1.87,0,.44,2.24,11.08,10.25,438,13469
1769561297.439067433,ultra_bat,heavy_mixed,25.70,100,46.9,7373,4040,58.0,2050,10.16,.12,.73,3.53,12.12,10.48,447,18237
1769561301.053246875,ultra_bat,heavy_mixed,25.68,100,51.7,8130,4448,58.0,1981,4.27,0,0,0,12.12,10.48,444,14418
1769561304.108090831,ultra_bat,heavy_mixed,25.81,100,49.4,7761,4589,59.0,2025,3.86,.10,.03,.23,12.27,10.54,444,9499
1769561306.804706314,ultra_bat,heavy_mixed,25.82,100,50.4,7913,4658,59.0,1950,4.54,0,.03,.04,12.27,10.54,453,9932
1769561309.550372091,ultra_bat,heavy_mixed,25.93,100,49.1,7721,4814,58.0,1974,9.15,453.07,.41,2.57,13.29,10.78,454,11423
1769561312.400568977,ultra_bat,heavy_mixed,26.36,100,52.4,8234,4921,57.0,1975,11.84,175.48,3.24,2.77,13.29,10.78,454,10709
1769561315.391012042,ultra_bat,heavy_mixed,26.53,100,51.7,8124,4968,58.0,1975,9.45,311.46,13.31,3.85,14.39,11.05,491,16285
1769561318.708776779,ultra_bat,heavy_mixed,26.79,100,51.9,8163,5061,58.0,2050,30.90,323.93,.03,.04,15.24,11.28,485,18938
1769561321.685784302,ultra_bat,heavy_mixed,26.88,100,53.8,8456,5026,57.0,1975,10.36,745.78,.03,.04,15.24,11.28,453,11767
1769561324.539579304,ultra_bat,heavy_mixed,26.99,100,53.8,8457,4914,57.0,2045,8.56,415.25,0,0,15.78,11.46,453,9994
1769561327.431766506,ultra_bat,heavy_mixed,27.03,100,51.5,8090,4913,59.0,2050,10.62,633.24,0,0,15.78,11.46,453,9619
1769561330.139739347,ultra_bat,heavy_mixed,27.11,100,54.6,8574,4912,56.0,1937,11.12,439.52,.06,.08,16.44,11.67,453,12982
1769561332.890998573,ultra_bat,heavy_mixed,27.17,100,51.8,8134,4910,58.0,2050,9.12,489.45,.03,.23,17.12,11.89,452,10224
1769561335.799275466,ultra_bat,heavy_mixed,27.24,100,47.5,7462,4910,57.0,1975,7.92,683.08,0,0,17.12,11.89,453,9757
1769561338.567663154,ultra_bat,heavy_mixed,27.16,100,50.7,7961,4909,59.0,2050,11.93,533.10,.11,.08,17.43,12.04,452,13650
1769561341.301066087,ultra_bat,heavy_mixed,27.18,100,47.8,7517,4908,59.0,2025,7.05,420.27,7.88,1.19,17.43,12.04,453,10434
1769561343.857715201,ultra_bat,heavy_mixed,27.13,100,54.0,8482,4907,59.0,2050,9.03,328.27,.21,.70,17.88,12.22,452,10240
1769561346.777013804,ultra_bat,heavy_mixed,27.25,100,47.6,7475,4907,58.0,2050,11.18,696.78,0,0,17.88,12.22,452,11303
1769561349.796684477,ultra_bat,heavy_mixed,27.26,100,54.5,8560,4907,59.0,2050,9.97,689.72,.03,.04,18.29,12.40,453,8974
1769561352.471169094,ultra_bat,heavy_mixed,27.32,100,50.1,7878,4887,56.0,1975,9.58,645.78,.03,.04,18.29,12.40,453,9134
1769561355.145675136,ultra_bat,heavy_mixed,27.31,100,54.3,8531,4885,58.0,2050,9.17,444.31,0,0,18.75,12.60,452,11547
1769561357.895674559,ultra_bat,heavy_mixed,27.30,100,52.6,8270,4847,59.0,2049,14.33,532.70,1.98,4.00,19.65,12.88,449,16849
1769561361.143468467,ultra_bat,heavy_mixed,27.33,100,49.0,7699,4815,58.0,2050,9.61,771.24,10.00,65.23,19.65,12.88,453,12351
1769561363.837839246,ultra_bat,heavy_mixed,27.38,100,52.6,8272,4800,58.0,2048,13.02,727.37,10.07,159.12,20.16,13.10,453,9880
1769561366.614618361,ultra_bat,heavy_mixed,27.32,100,48.6,7643,4785,59.0,2050,10.92,515.38,8.84,142.60,20.16,13.10,453,8354
1769561369.330735030,ultra_bat,heavy_mixed,27.21,100,52.5,8247,4764,58.0,1984,21.24,782.51,5.65,37.31,20.31,13.25,453,9699
1769561372.271025634,ultra_bat,heavy_mixed,27.22,100,52.2,8196,4725,59.0,2029,9.11,445.13,32.09,151.59,20.31,13.25,452,8750
1769561375.174580754,ultra_bat,heavy_mixed,27.04,100,53.1,8351,4723,58.0,1993,5.26,1000.13,9.05,37.72,20.68,13.45,451,9225
1769561378.151463817,ultra_bat,heavy_mixed,27.04,100,54.2,8511,4722,58.0,2050,4.88,413.14,13.11,145.79,20.95,13.62,488,18999
1769561381.608052000,ultra_bat,heavy_mixed,27.00,100,53.8,8450,4721,57.0,2050,13.55,574.80,4.68,36.28,20.95,13.62,455,11144
1769561384.571226150,ultra_bat,heavy_mixed,27.03,100,45.4,7135,4721,57.0,2025,4.98,721.13,7.95,124.81,20.95,13.74,453,7901
1769561387.205684263,ultra_bat,heavy_mixed,27.01,100,53.0,8322,4720,58.0,2050,4.11,762.68,9.07,149.31,20.95,13.74,454,7944
1769561389.819900002,ultra_bat,heavy_mixed,27.00,100,53.4,8387,4879,58.0,2050,5.61,431.64,4.62,39.57,20.87,13.85,454,9821
1769561393.091057538,ultra_bat,heavy_mixed,26.96,100,50.9,7998,4975,55.0,2050,6.73,415.84,9.98,179.81,21.21,14.03,454,8904
1769561395.933633851,ultra_bat,heavy_mixed,26.96,100,52.9,8313,5105,58.0,2050,5.70,704.10,4.46,34.40,21.21,14.03,453,9356
1769561398.906779909,ultra_bat,heavy_mixed,26.89,100,52.0,8169,5090,57.0,2050,5.87,729.21,8.01,120.14,21.19,14.15,454,9128
1769561401.893877772,ultra_bat,heavy_mixed,26.88,100,47.3,7431,5096,57.0,2050,5.87,556.97,15.33,38.96,21.19,14.15,454,8984
1769561404.846527574,ultra_bat,heavy_mixed,26.85,100,46.4,7296,5096,58.0,1950,5.26,386.51,9.39,150.71,21.33,14.30,454,8842
1769561407.586000699,ultra_bat,heavy_mixed,26.74,100,50.9,7991,5095,57.0,1975,4.87,855.54,9.08,146.24,21.47,14.44,453,11164
1769561410.807640452,ultra_bat,heavy_mixed,26.77,100,53.0,8324,5360,57.0,2050,5.09,760.42,4.62,37.00,21.47,14.44,453,7743
1769561413.457658949,ultra_bat,heavy_mixed,26.78,100,48.0,7549,5506,56.0,2050,3.68,571.18,10.38,180.74,21.51,14.57,454,8320
1769561416.242596481,ultra_bat,heavy_mixed,26.82,100,53.4,8384,5570,57.0,2050,4.00,514.86,4.84,39.32,21.51,14.57,454,8067
1769561418.811075293,ultra_bat,heavy_mixed,26.78,100,52.8,8294,5649,59.0,1950,5.25,481.25,9.72,155.72,21.79,14.74,454,8808
1769561421.857536433,ultra_bat,heavy_mixed,26.68,100,50.8,7986,5710,59.0,2050,5.96,530.97,5.23,33.84,21.79,14.74,454,9066
1769561424.746796408,ultra_bat,heavy_mixed,26.66,100,52.1,8189,5748,57.0,2050,4.88,673.08,34.52,151.03,21.65,14.83,454,8775
1769561427.537834108,ultra_bat,heavy_mixed,26.65,100,51.7,8128,5841,58.0,2050,5.17,366.93,4.62,36.00,21.65,14.83,455,8568
1769561430.405626271,ultra_bat,heavy_mixed,26.63,100,51.9,8162,5833,57.0,2050,4.48,633.21,10.46,149.44,21.76,14.96,454,9663
1769561433.250668656,ultra_bat,heavy_mixed,26.67,100,51.2,8048,5954,59.0,2045,5.50,709.33,25.05,109.16,21.78,15.08,454,12762
1769561435.952467222,ultra_bat,heavy_mixed,26.75,100,50.8,7981,6033,55.0,1950,6.00,602.04,8.68,114.05,21.78,15.08,454,8336
1769561438.592644235,ultra_bat,heavy_mixed,26.78,100,50.3,7906,6091,58.0,2050,5.78,658.91,8.75,147.82,21.71,15.18,454,8509
1769561441.295859447,ultra_bat,heavy_mixed,26.75,100,50.7,7965,6172,57.0,2050,16.67,540.67,4.78,38.80,21.71,15.18,486,17949
1769561444.040736625,ultra_bat,heavy_mixed,26.78,100,49.5,7772,6255,55.0,1975,5.62,499.17,9.25,150.41,21.74,15.29,455,10791
1769561446.851064977,ultra_bat,heavy_mixed,26.74,100,48.8,7670,6334,57.0,2025,4.00,916.08,4.55,36.25,21.74,15.29,455,8529
1769561449.475034384,ultra_bat,heavy_mixed,26.77,100,48.3,7591,5357,58.0,2045,7.39,21.67,8.98,144.44,21.60,15.37,451,10935
1769561452.490654523,ultra_bat,heavy_mixed,26.76,100,53.1,8344,5356,58.0,2050,5.40,1.60,4.55,35.36,21.60,15.37,452,11174
1769561455.139616190,ultra_bat,heavy_mixed,26.75,100,48.6,7638,5356,57.0,2050,5.06,.02,8.83,162.87,21.63,15.48,451,8270
1769561457.802952753,ultra_bat,heavy_mixed,26.51,100,46.7,7334,5355,55.0,2032,5.50,.01,4.39,37.74,21.50,15.56,451,7945
1769561460.503045716,ultra_bat,heavy_mixed,26.36,100,46.4,7295,5468,57.0,2049,4.62,.01,6.93,97.35,21.50,15.56,448,8078
1769561463.202406270,ultra_bat,heavy_mixed,26.20,100,40.3,6335,5353,58.0,2050,4.37,.01,14.93,39.49,21.22,15.60,445,8065
1769561465.808547894,ultra_bat,heavy_mixed,26.01,100,39.9,6273,5352,57.0,2050,4.25,.01,9.38,175.52,21.22,15.60,445,8439
1769561483.650082525,light_ac,ultra_combined,19.74,49.4,39.2,6158,5316,65.0,1999,0,0,0,0,16.49,14.88,452,0
1769561486.066350091,light_ac,ultra_combined,18.36,77.5,46.2,7262,5309,64.0,2000,96.34,2.39,63.38,94.92,16.49,14.88,471,40135
1769561488.437413952,light_ac,ultra_combined,18.88,82,48.9,7691,5305,63.0,1900,40.32,3.04,2417.93,101.69,16.21,14.85,474,57948
1769561490.839088018,light_ac,ultra_combined,18.32,75.1,50.3,7909,5301,66.0,1994,73.54,2.42,5056.89,279.58,16.21,14.85,474,46688
1769561493.375720621,light_ac,ultra_combined,18.59,79.1,54.4,8546,5302,65.0,1800,31.28,2.43,85.40,65.84,15.71,14.77,487,42744
1769561495.848521960,light_ac,ultra_combined,18.60,66.9,53.0,8325,5301,64.0,1824,6.97,22.29,67.94,161.61,15.71,14.77,487,37382
1769561498.297615589,light_ac,ultra_combined,18.56,64.3,55.0,8639,5301,66.0,1900,9.22,.43,4204.63,76.57,16.46,14.94,486,42136
1769561500.774334711,light_ac,ultra_combined,18.76,65.3,54.1,8505,5299,63.0,1876,9.20,.82,56.51,151.32,16.46,14.94,487,33345
1769561503.254355365,light_ac,ultra_combined,18.58,64.9,56.9,8941,5297,68.0,1944,17.34,.84,9.25,35.85,15.86,14.84,521,47548
1769561505.800504214,light_ac,ultra_combined,18.65,56.1,55.8,8766,5294,71.0,2000,7.41,39.89,13.36,159.62,15.86,14.84,489,38893
1769561508.362444973,light_ac,ultra_combined,18.44,68.8,56.4,8868,5292,66.0,2046,7.46,.49,33.67,41.90,15.31,14.74,486,37668
1769561510.892936656,light_ac,ultra_combined,18.42,67.1,57.2,8984,5291,69.0,2090,5.90,.35,9.51,147.86,15.31,14.74,487,36930
1769561513.413163994,light_ac,ultra_combined,18.71,65.5,57.9,9102,5290,70.0,1900,6.70,.49,4.78,38.29,14.88,14.66,486,37988
1769561516.081146477,light_ac,ultra_combined,18.50,71.3,56.3,8843,5289,71.0,1905,5.16,.75,17.78,152.19,14.88,14.66,484,40166
1769561518.546043869,light_ac,ultra_combined,18.68,68.2,58.0,9111,5287,69.0,2097,5.98,240.32,4.84,38.20,14.65,14.62,485,44995
1769561521.095588297,light_ac,ultra_combined,18.37,70.7,58.5,9189,5285,68.0,1950,6.02,373.11,8.73,149.05,14.65,14.62,483,41928
1769561523.603633445,light_ac,ultra_combined,18.76,58.3,57.5,9039,5284,73.0,1900,9.26,3.45,15.38,52.57,14.44,14.57,483,34593
1769561526.029605737,light_ac,ultra_combined,18.94,78.8,57.6,9046,5283,67.0,1900,6.05,.78,36.32,150.91,14.44,14.57,483,37817
1769561528.498189958,light_ac,ultra_combined,18.89,68.6,56.7,8912,5282,71.0,1834,5.90,.38,5.03,34.04,14.32,14.55,485,39577
1769561531.085967096,light_ac,ultra_combined,18.81,68.2,60.6,9517,5280,71.0,1900,4.80,.42,8.83,145.39,14.32,14.55,484,38737
1769561533.542548815,light_ac,ultra_combined,18.75,75.4,58.3,9160,5278,72.0,1764,5.76,.51,17.50,43.14,14.46,14.57,484,34396
1769561535.987454250,light_ac,ultra_combined,18.68,59.2,58.2,9142,5276,68.0,1643,5.40,23.91,8.66,147.36,14.46,14.57,482,36892
1769561538.645966656,light_ac,ultra_combined,23.56,67.2,58.6,9211,5274,64.0,1225,4.08,.25,4.91,38.58,14.10,14.50,481,27419
1769561541.425197783,light_ac,ultra_combined,19.84,69.5,57.5,9030,5273,64.0,1550,3.68,.14,11.04,160.09,14.10,14.50,485,28679
1769561544.153077108,light_ac,ultra_combined,20.34,74.9,58.0,9121,5271,64.0,1600,3.28,.51,5.55,37.81,13.77,14.42,482,29056
1769561546.918081481,light_ac,ultra_combined,21.12,61.5,58.7,9230,5270,64.0,1600,5.05,.66,14.87,156.04,13.77,14.42,483,25623
1769561549.522342820,light_ac,ultra_combined,21.44,63.2,58.5,9187,5269,65.0,1639,3.50,15.63,5.04,38.13,13.55,14.36,480,31250
1769561552.376175957,light_ac,ultra_combined,21.72,71.3,59.6,9362,5267,64.0,1650,3.87,13.40,31.21,150.88,13.55,14.36,483,29188
1769561554.984683825,light_ac,ultra_combined,22.16,73.9,59.3,9323,5013,64.0,1650,3.87,.48,7.62,36.10,13.59,14.36,481,27394
1769561557.711519581,light_ac,ultra_combined,22.35,71.4,47.9,7526,4808,64.0,1528,4.94,41.04,10.43,154.02,13.59,14.36,482,30456
1769561560.356747107,light_ac,ultra_combined,22.51,67.2,47.1,7394,4807,62.0,1650,3.80,.33,24.68,42.29,13.70,14.37,478,31019
1769561563.046929587,light_ac,ultra_combined,22.78,52,47.2,7415,4807,64.0,1641,2.88,.34,7.52,98.38,13.32,14.28,480,30150
1769561565.599629083,light_ac,ultra_combined,22.88,82.6,47.9,7529,4807,62.0,1649,4.21,14.07,13.51,44.77,13.32,14.28,517,39451
1769561568.423605429,light_ac,ultra_combined,22.98,73,47.6,7478,4803,64.0,1648,13.41,8.30,13.10,148.39,13.78,14.36,482,39575
1769561570.991974133,light_ac,ultra_combined,23.06,74,46.5,7301,4803,64.0,1699,3.35,.19,5.76,39.04,13.78,14.36,481,39802
1769561573.540779287,light_ac,ultra_combined,23.18,70.6,47.0,7393,4802,62.0,1650,3.12,292.09,11.83,205.16,13.96,14.38,481,47541
1769561576.118477185,light_ac,ultra_combined,23.24,69,48.3,7596,4800,59.0,1650,3.60,286.54,4.83,36.68,13.96,14.38,479,37607
1769561578.756258991,light_ac,ultra_combined,23.29,56.6,48.4,7605,4800,61.0,1650,8.27,2.97,9.01,148.08,13.64,14.31,481,30123
1769561581.416431854,light_ac,ultra_combined,23.34,55.4,47.7,7495,4799,63.0,1700,6.20,.35,4.80,35.63,13.64,14.31,476,33386
1769561584.040170347,light_ac,ultra_combined,23.37,54.3,46.5,7305,4799,65.0,1700,6.00,19.29,19.50,150.58,13.59,14.29,482,35704
1769561586.645823761,light_ac,ultra_combined,23.38,71.7,46.4,7289,4799,59.0,1650,4.50,.50,4.83,37.80,13.59,14.29,481,30533
1769561589.271159490,light_ac,ultra_combined,23.43,59.6,46.7,7346,4799,64.0,1579,4.12,.47,10.70,158.33,13.54,14.27,481,33671
1769561591.882653415,light_ac,ultra_combined,23.44,69.9,46.6,7316,4798,62.0,1650,3.56,.33,5.13,40.13,13.54,14.27,478,34432
1769561594.570283748,light_ac,ultra_combined,23.46,76.3,46.9,7372,4798,62.0,1650,4.18,.14,8.69,148.76,13.34,14.21,480,30225
1769561597.115079019,light_ac,ultra_combined,23.48,63,47.1,7404,4798,62.0,1650,6.20,.77,4.83,34.93,13.34,14.21,481,33713
1769561599.736830625,light_ac,ultra_combined,23.50,58.8,45.9,7209,4794,62.0,1700,4.62,22.63,9.85,150.09,13.39,14.21,479,33588
1769561602.511965031,light_ac,ultra_combined,23.50,66.7,46.5,7314,4793,64.0,1650,4.22,.34,4.60,37.14,13.39,14.21,477,34208
1769561605.776213468,medium_ac,light_mixed,23.54,30.8,27.7,4355,4740,63.0,1188,0,0,0,0,13.36,14.19,442,0
1769561608.241554750,medium_ac,light_mixed,23.50,29.1,27.8,4369,4740,66.0,1565,361.31,325.78,5.42,37.18,12.77,14.05,441,22166
1769561610.795962786,medium_ac,light_mixed,23.51,64.7,27.7,4348,4739,66.0,1800,446.16,472.53,9.91,173.88,12.77,14.05,450,25648
1769561613.258052989,medium_ac,light_mixed,23.51,54.8,27.9,4389,4739,65.0,1700,347.26,221.13,25.36,43.96,12.47,13.97,451,36008
1769561615.707360284,medium_ac,light_mixed,23.50,64.7,28.3,4449,4737,62.0,1700,326.54,335.92,19.21,165.36,12.47,13.97,451,28260
1769561618.233464001,medium_ac,light_mixed,23.51,58.6,28.0,4395,4737,62.0,1579,253.38,346.26,8.00,37.27,12.43,13.94,451,26967
1769561620.824982308,medium_ac,light_mixed,23.53,56.2,28.2,4427,4737,65.0,1249,175.44,232.08,9.05,169.95,12.43,13.94,450,28117
1769561623.408614403,medium_ac,light_mixed,23.55,51.8,25.6,4015,4737,62.0,1315,92.99,78.79,4.74,35.74,11.91,13.80,448,27931
1769561626.121892737,medium_ac,light_mixed,23.57,48.5,27.0,4240,4736,62.0,1500,67.96,24.40,8.65,147.58,11.91,13.80,448,19250
1769561628.741589106,medium_ac,light_mixed,23.58,60,28.2,4428,4736,64.0,1750,76.68,144.06,4.67,38.55,11.68,13.72,485,25774
1769561631.230899463,medium_ac,light_mixed,23.59,58.7,27.7,4352,4736,63.0,1700,71.10,5.36,8.71,149.82,11.68,13.72,449,34346
1769561633.912600984,medium_ac,light_mixed,23.59,54.4,26.5,4159,4736,62.0,1700,77.02,124.91,4.67,37.27,11.63,13.68,451,27069
1769561636.444593311,medium_ac,light_mixed,23.59,52.6,25.9,4077,4736,64.0,1467,57.68,7.43,8.50,149.26,11.63,13.68,448,25930
1769561638.993447980,medium_ac,light_mixed,23.59,49.4,25.5,4010,4735,60.0,1485,54.83,63.19,4.86,39.97,11.26,13.57,449,23606
1769561641.658909231,medium_ac,light_mixed,23.61,54.7,26.1,4109,4735,64.0,1581,51.06,6.67,19.85,170.57,11.26,13.57,449,25118
1769561644.187258150,medium_ac,light_mixed,23.61,52.7,28.3,4454,4734,62.0,1650,49.73,65.36,4.80,37.74,11.00,13.47,448,26757
1769561646.978321406,medium_ac,light_mixed,23.62,55.8,28.3,4454,4734,61.0,1433,57.67,115.19,2.90,58.08,11.00,13.47,449,17844
1769561649.643803271,medium_ac,light_mixed,23.62,57.2,26.4,4143,4733,59.0,1650,37.14,20.61,.13,1.55,11.00,13.43,449,15406
1769561652.351195350,medium_ac,light_mixed,23.63,53.8,27.2,4273,4733,61.0,1537,41.59,6.57,1.85,23.47,11.00,13.43,450,19649
1769561655.074386908,medium_ac,light_mixed,23.64,61.7,27.6,4337,4733,62.0,1625,33.87,43.45,.17,.93,11.00,13.39,450,14591
1769561657.627171809,medium_ac,light_mixed,23.64,59.1,27.3,4293,4733,68.0,1701,26.85,32.83,2.35,44.95,11.00,13.39,450,14926
1769561660.261352611,medium_ac,light_mixed,23.65,47.4,27.4,4306,4733,61.0,1678,27.23,52.69,.77,4.65,11.00,13.35,448,12343
1769561662.983463801,medium_ac,light_mixed,23.66,55,27.8,4372,4733,62.0,975,42.90,21.22,2.37,45.15,10.76,13.26,450,11688
1769561665.549100632,medium_ac,light_mixed,23.66,63.2,27.2,4270,4733,59.0,1494,52.37,90.91,.34,1.17,10.76,13.26,450,14217
1769561668.193767009,medium_ac,light_mixed,23.66,46.2,26.4,4153,4732,69.0,1244,71.28,79.60,2.37,45.45,10.37,13.14,449,18351
1769561670.974756510,medium_ac,light_mixed,23.65,64,27.6,4342,4732,62.0,1650,32.95,6.85,9.21,5.34,10.37,13.14,449,13341
1769561673.484434027,medium_ac,light_mixed,23.65,50.9,27.3,4285,4732,64.0,1698,44.62,86.91,10.53,49.10,10.18,13.06,449,14852
1769561675.946664570,medium_ac,light_mixed,23.65,56.6,27.1,4251,4732,62.0,1697,53.66,115.58,8.89,42.27,10.18,13.06,449,14225
1769561678.509736272,medium_ac,light_mixed,23.66,60.9,26.8,4213,4731,68.0,1700,55.25,23.89,10.91,160.42,10.01,12.97,449,19553
1769561681.120785909,medium_ac,light_mixed,23.66,52.3,26.6,4186,4731,63.0,1700,35.18,6.43,6.01,40.98,10.01,12.97,448,18192
1769561683.734601653,medium_ac,light_mixed,23.67,61.4,26.9,4227,4731,64.0,1700,41.62,126.65,3.72,83.96,9.77,12.87,449,16723
1769561686.363709102,medium_ac,light_mixed,23.67,56,26.7,4195,4731,64.0,1584,27.25,3.09,.26,3.09,9.77,12.87,449,14607
1769561688.943794812,medium_ac,light_mixed,23.67,50.3,27.1,4265,4731,63.0,1494,39.82,4.94,.87,3.60,9.55,12.78,445,17674
1769561691.688825146,medium_ac,light_mixed,23.67,69,27.1,4262,4730,64.0,1698,28.22,53.72,6.03,44.42,9.55,12.78,483,18705
1769561694.237831033,medium_ac,light_mixed,23.67,53.4,28.0,4393,4729,64.0,1700,40.06,84.80,3.29,85.33,9.50,12.71,449,21652
1769561696.849848456,medium_ac,light_mixed,23.67,48.8,26.9,4226,4729,62.0,1183,51.55,108.32,.10,.89,9.50,12.71,450,16900
1769561699.502964685,medium_ac,light_mixed,23.68,60.9,26.9,4232,4729,64.0,1691,47.78,5.39,2.50,46.84,9.62,12.68,450,14205
1769561702.117463345,medium_ac,light_mixed,23.68,65.1,27.6,4334,4729,60.0,1364,32.73,5.59,10.65,3.37,9.62,12.68,449,18561
1769561704.745843547,medium_ac,light_mixed,23.68,57.1,27.5,4322,4729,68.0,1538,39.17,102.92,2.00,24.20,10.05,12.72,449,17063
1769561707.425612677,medium_ac,light_mixed,23.68,53.8,27.1,4260,4729,64.0,1700,33.34,3.70,.35,1.12,10.05,12.72,449,14427
1769561709.920905786,medium_ac,light_mixed,23.68,53.1,27.0,4239,4729,65.0,1700,26.85,4.32,.28,.92,9.81,12.63,449,10028
1769561712.566256654,medium_ac,light_mixed,23.69,54.5,27.0,4239,4729,61.0,1700,48.64,118.73,.32,1.04,9.81,12.63,449,14647
1769561715.238570124,medium_ac,light_mixed,23.70,58,26.9,4233,4729,66.0,1650,35.09,4.32,.22,.92,9.98,12.62,448,13945
1769561717.951838598,medium_ac,light_mixed,23.70,59.4,26.8,4217,4729,62.0,1538,48.00,49.33,.64,4.74,9.83,12.54,449,14023
1769561720.522070134,medium_ac,light_mixed,23.70,56.5,27.1,4257,4727,66.0,1700,33.69,33.42,4.79,4.04,9.83,12.54,450,17207
1769561723.054590930,medium_ac,light_mixed,23.70,60.8,27.7,4358,4727,62.0,1700,62.34,64.00,11.46,6.49,10.00,12.53,450,16947
1769561725.518653756,medium_ac,light_mixed,23.69,57.9,27.1,4261,4727,64.0,1405,10.75,81.35,1.61,1.95,10.00,12.53,446,14726
1769561729.428796608,heavy_ac,medium_mixed,23.71,59.9,31.8,5003,4726,65.0,1538,0,0,0,0,9.68,12.42,449,0
1769561732.188373968,heavy_ac,medium_mixed,23.69,80.3,32.6,5128,4726,66.0,1497,17.32,145.59,23.45,5.51,9.68,12.42,451,7917
1769561734.635377371,heavy_ac,medium_mixed,23.66,76.1,32.7,5138,4726,62.0,1500,2.21,94.67,17.45,7.25,10.91,12.63,450,7751
1769561737.313480771,heavy_ac,medium_mixed,23.66,61.4,33.3,5228,4725,66.0,1650,3.81,.18,19.85,5.76,10.91,12.63,448,8112
1769561739.945327342,heavy_ac,medium_mixed,23.62,81.9,33.5,5268,4725,61.0,1532,3.40,0,.45,1.25,11.15,12.65,451,6045
1769561742.382575573,heavy_ac,medium_mixed,23.65,67.8,33.7,5296,4725,68.0,1550,2.89,21.36,.38,.99,11.15,12.65,450,6459
1769561744.922059870,heavy_ac,medium_mixed,23.63,51.7,34.4,5403,4711,66.0,1641,5.37,36.49,.26,1.30,10.98,12.59,446,6821
1769561747.567893745,heavy_ac,medium_mixed,23.60,81.3,34.4,5405,4711,65.0,1500,3.60,.09,.40,1.68,10.98,12.59,450,6770
1769561750.014752761,heavy_ac,medium_mixed,23.60,80,34.5,5418,4711,62.0,1500,2.75,0,.16,1.17,11.30,12.63,447,6205
1769561752.624001242,heavy_ac,medium_mixed,23.62,66.9,34.7,5451,4711,65.0,1600,3.25,51.39,.19,.91,11.30,12.63,447,6409
1769561755.146445416,heavy_ac,medium_mixed,23.62,71.5,35.1,5513,4711,63.0,1450,3.48,0,.25,.98,11.12,12.57,449,6471
1769561757.640753127,heavy_ac,medium_mixed,23.60,79.6,35.7,5615,4711,63.0,1600,8.53,9.83,.13,1.36,11.12,12.57,483,17141
1769561760.211940256,heavy_ac,medium_mixed,23.61,70.9,35.7,5603,4711,72.0,1550,7.32,137.99,.32,1.34,12.31,12.80,447,9711
1769561762.819835443,heavy_ac,medium_mixed,23.61,77.9,35.9,5645,4711,62.0,1550,2.15,0,10.90,3.71,12.31,12.80,451,6368
1769561765.280032965,heavy_ac,medium_mixed,23.61,77.3,36.0,5653,4711,66.0,1500,1.87,0,.10,.89,12.61,12.85,449,6117
1769561767.730795939,heavy_ac,medium_mixed,23.62,64.5,36.4,5725,4697,62.0,1646,3.14,61.95,.16,1.21,12.61,12.85,446,8413
1769561770.536603939,heavy_ac,medium_mixed,23.64,76.8,36.5,5742,4697,63.0,1500,2.60,0,.26,1.29,12.40,12.80,449,6222
1769561773.109087921,heavy_ac,medium_mixed,23.62,77.9,36.5,5739,4697,66.0,1550,3.87,83.75,.26,1.22,12.20,12.75,447,6764
1769561775.657970901,heavy_ac,medium_mixed,23.60,61,38.2,6009,4697,62.0,1650,3.74,10.05,.32,1.10,12.20,12.75,449,6648
1769561778.286932922,heavy_ac,medium_mixed,23.59,78,37.9,5954,4697,66.0,1550,3.50,0,.19,1.17,12.51,12.81,449,6603
1769561780.743525641,heavy_ac,medium_mixed,23.60,80.7,35.6,5588,4697,66.0,1550,3.39,69.39,.95,4.90,12.51,12.81,447,6343
1769561783.288935743,heavy_ac,medium_mixed,23.61,62.7,37.0,5814,4697,61.0,1641,4.37,.22,.40,1.49,12.31,12.76,445,7049
1769561785.987599634,heavy_ac,medium_mixed,23.57,77.8,36.8,5785,4696,68.0,1550,3.62,0,.16,1.21,12.31,12.76,449,6343
1769561788.582501738,heavy_ac,medium_mixed,23.58,71.5,35.9,5645,4696,64.0,1500,3.37,0,.19,1.36,12.52,12.80,436,6552
1769561791.148660575,heavy_ac,medium_mixed,23.58,76.1,36.0,5660,4696,62.0,1595,4.25,60.84,16.23,3.85,12.52,12.80,434,7874
1769561793.939444454,heavy_ac,medium_mixed,23.62,80.2,37.1,5832,4696,65.0,1600,4.50,0,.66,1.04,13.28,12.95,437,6627
1769561796.329954219,heavy_ac,medium_mixed,23.59,70.9,36.9,5806,4696,63.0,1450,2.60,0,1.13,1.97,13.28,12.95,438,6704
1769561798.889081428,heavy_ac,medium_mixed,23.62,77,36.7,5762,4696,66.0,1599,5.50,76.82,2.78,2.16,13.18,12.94,435,6646
1769561801.409670366,heavy_ac,medium_mixed,23.63,77.4,37.5,5896,4696,66.0,1550,3.75,0,.56,1.46,13.18,12.94,437,6923
1769561804.111673723,heavy_ac,medium_mixed,23.65,85.9,37.4,5879,4696,62.0,1450,2.75,0,.41,1.69,13.17,12.94,437,6329
1769561806.600427955,heavy_ac,medium_mixed,23.65,69.2,36.9,5796,4696,68.0,1600,4.12,101.78,.16,1.32,13.17,12.94,436,6661
1769561809.243806500,heavy_ac,medium_mixed,23.65,82.4,37.6,5915,4696,63.0,1550,5.12,.10,.26,1.29,12.75,12.86,436,6840
1769561811.684636687,heavy_ac,medium_mixed,23.65,77.9,37.7,5924,4696,63.0,1544,4.75,0,.13,1.17,12.75,12.86,437,5895
1769561814.125711726,heavy_ac,medium_mixed,23.63,64.9,37.4,5872,4696,64.0,1300,5.12,66.14,.26,1.28,13.09,12.92,432,7144
1769561816.981033814,heavy_ac,medium_mixed,23.62,76.3,38.4,6038,4696,62.0,1550,4.68,0,.22,1.06,13.09,12.92,437,6085
1769561819.420158006,heavy_ac,medium_mixed,23.64,77.9,38.0,5972,4696,65.0,1450,3.41,81.45,.26,1.56,13.08,12.93,470,11438
1769561822.225219291,heavy_ac,medium_mixed,23.66,75.6,37.0,5816,4696,61.0,1450,5.58,10.32,10.99,3.91,13.08,12.93,435,12821
1769561824.894352841,heavy_ac,medium_mixed,23.62,84,36.9,5793,4696,63.0,1550,4.91,4.67,.56,1.82,12.92,12.89,440,9635
1769561827.379317708,heavy_ac,medium_mixed,23.63,75,37.0,5814,4696,65.0,1550,2.25,0,.07,.89,12.92,12.89,437,6635
1769561830.180764212,heavy_ac,medium_mixed,23.65,65,37.1,5831,4696,62.0,1650,3.50,64.01,.19,1.21,13.00,12.91,436,6585
1769561832.702748153,heavy_ac,medium_mixed,23.58,73.8,37.1,5829,4696,63.0,1600,2.50,0,.25,1.27,13.00,12.91,439,6712
1769561835.290864740,heavy_ac,medium_mixed,23.62,79.1,37.2,5842,4696,65.0,1450,2.12,4.12,.22,.92,13.08,12.93,438,6582
1769561837.982897260,heavy_ac,medium_mixed,23.61,61.8,37.2,5843,4696,65.0,1650,3.75,64.00,.28,1.06,13.08,12.93,436,6528
1769561840.688681803,heavy_ac,medium_mixed,23.60,82.2,37.4,5873,4696,64.0,1550,3.25,9.71,1.02,4.37,13.08,12.93,439,6981
1769561843.134045063,heavy_ac,medium_mixed,23.64,77.2,37.2,5850,4696,66.0,1600,2.16,64.45,.16,1.23,12.91,12.90,438,6243
1769561845.556629069,heavy_ac,medium_mixed,23.64,54.3,37.5,5887,4696,64.0,1700,3.50,0,.23,1.21,12.91,12.90,436,6276
1769561848.039713009,heavy_ac,medium_mixed,23.64,71.7,37.4,5879,4696,65.0,1478,2.75,0,.28,1.17,12.84,12.88,439,6698
1769561851.947402574,ultra_ac,heavy_mixed,23.65,88.9,38.6,6065,4696,69.0,1600,0,0,0,0,12.84,12.88,449,0
1769561854.907282511,ultra_ac,heavy_mixed,23.68,100,38.6,6073,4696,65.0,1500,2.87,10.82,10.23,4.10,13.73,13.07,449,8857
1769561857.795775445,ultra_ac,heavy_mixed,23.70,100,38.6,6069,4696,65.0,1450,1.87,0,4.42,2.03,13.73,13.07,451,7344
1769561860.469830217,ultra_ac,heavy_mixed,23.71,100,38.6,6067,4696,66.0,1487,1.50,0,3.24,2.83,14.63,13.27,449,8200
1769561863.104835910,ultra_ac,heavy_mixed,23.75,100,41.8,6570,4696,65.0,1500,1.50,0,.16,1.01,15.54,13.48,457,7437
1769561865.730824442,ultra_ac,heavy_mixed,23.76,100,44.4,6972,4695,66.0,1450,1.37,1.84,.33,.92,15.54,13.48,453,9690
1769561869.145741017,ultra_ac,heavy_mixed,23.78,100,46.4,7286,4695,64.0,1444,2.00,6.70,.37,1.46,16.22,13.65,453,7630
1769561871.953574532,ultra_ac,heavy_mixed,23.80,100,45.5,7155,4695,64.0,1450,2.74,120.74,.22,.92,16.22,13.65,459,11286
1769561875.497855737,ultra_ac,heavy_mixed,23.80,100,50.4,7914,4695,64.0,1500,3.28,618.72,.36,1.37,17.97,14.06,463,10885
1769561878.833301635,ultra_ac,heavy_mixed,23.82,100,50.9,8002,4695,68.0,1500,3.23,680.40,.06,1.02,19.17,14.37,464,10233
1769561881.749708073,ultra_ac,heavy_mixed,23.82,100,50.9,7995,4695,65.0,1447,3.00,412.73,2.90,2.43,19.17,14.37,463,9293
1769561884.555399270,ultra_ac,heavy_mixed,23.82,100,51.4,8073,4695,66.0,1448,3.10,312.60,8.28,2.57,20.36,14.70,498,16839
1769561887.895253376,ultra_ac,heavy_mixed,23.84,100,51.2,8042,4695,65.0,1500,12.94,403.77,.23,1.29,21.93,15.12,467,13795
1769561891.190673553,ultra_ac,heavy_mixed,23.84,100,51.0,8015,4695,64.0,1495,3.14,401.47,.16,1.17,21.93,15.12,465,9816
1769561894.107821594,ultra_ac,heavy_mixed,23.85,100,51.3,8060,4695,64.0,1500,2.46,162.49,.26,1.33,22.74,15.40,466,8689
1769561896.817371075,ultra_ac,heavy_mixed,23.85,100,48.8,7661,4695,64.0,1450,1.50,569.58,.33,.92,22.74,15.40,465,9979
1769561899.881122346,ultra_ac,heavy_mixed,23.85,100,52.0,8169,4693,68.0,1445,2.14,773.56,.43,1.50,23.72,15.72,465,10638
1769561902.832773624,ultra_ac,heavy_mixed,23.85,100,45.5,7146,4693,65.0,1450,2.98,736.60,1.05,4.49,25.18,16.16,466,10060
1769561906.069447849,ultra_ac,heavy_mixed,23.85,100,43.0,6753,4693,66.0,1496,2.50,278.87,.29,1.04,25.18,16.16,466,7823
1769561908.717465094,ultra_ac,heavy_mixed,23.87,100,49.1,7716,4693,65.0,1500,4.36,720.21,.32,1.00,25.89,16.46,466,10653
1769561911.928313603,ultra_ac,heavy_mixed,23.87,100,45.6,7164,4693,66.0,1496,3.87,361.77,16.25,3.51,25.89,16.46,465,11991
1769561915.578676665,ultra_ac,heavy_mixed,23.88,100,45.3,7112,4693,68.0,1500,4.50,601.96,1.56,2.67,26.70,16.78,463,10955
1769561919.095767950,ultra_ac,heavy_mixed,23.88,100,49.6,7792,4693,64.0,1450,3.37,630.11,.38,.92,27.20,17.05,466,11055
1769561922.816492807,ultra_ac,heavy_mixed,23.89,100,45.1,7083,4693,66.0,1493,3.09,491.44,3.08,2.78,27.83,17.35,466,10710
1769561926.366840652,ultra_ac,heavy_mixed,23.89,100,43.7,6872,4693,66.0,1550,4.43,755.61,.50,1.38,27.83,17.35,466,10302
1769561929.537752403,ultra_ac,heavy_mixed,23.89,100,46.8,7351,4693,65.0,1500,3.25,290.27,.46,1.37,28.24,17.61,466,11331
1769561932.989943612,ultra_ac,heavy_mixed,23.89,100,47.5,7468,4693,65.0,1487,2.64,972.56,.19,1.21,28.79,17.90,466,10753
1769561935.853897407,ultra_ac,heavy_mixed,23.90,100,46.9,7364,4693,63.0,1450,4.18,443.75,.26,1.04,28.79,17.90,466,9155
1769561938.829095650,ultra_ac,heavy_mixed,23.90,100,50.2,7887,4693,64.0,1500,7.58,434.89,.25,.92,29.28,18.18,466,11091
1769561941.382483397,ultra_ac,heavy_mixed,23.90,100,45.9,7218,4692,64.0,1493,5.83,161.26,.38,1.31,29.28,18.18,466,10528
1769561944.612432842,ultra_ac,heavy_mixed,23.90,100,47.4,7455,4692,63.0,1448,2.19,379.01,11.00,3.58,29.66,18.45,466,12575
1769561947.595577850,ultra_ac,heavy_mixed,23.90,100,51.1,8023,4692,63.0,1450,2.08,596.09,.25,.98,30.17,18.74,468,11185
1769561950.636158228,ultra_ac,heavy_mixed,23.90,100,51.4,8079,4692,65.0,1450,10.11,629.25,.16,.91,30.17,18.74,500,18094
1769561954.110339740,ultra_ac,heavy_mixed,23.90,100,50.4,7927,4692,65.0,1500,8.67,356.83,.35,1.04,30.24,18.94,465,14769
1769561956.995769454,ultra_ac,heavy_mixed,23.90,100,51.3,8069,4692,64.0,1500,3.75,0,.25,.92,30.24,18.94,464,8921
1769561959.876026523,ultra_ac,heavy_mixed,23.91,100,51.3,8059,4692,63.0,1450,2.50,0,.77,4.68,30.46,19.18,464,9025
1769561962.861342156,ultra_ac,heavy_mixed,23.91,100,43.9,6898,4941,64.0,1449,2.38,.14,.22,.92,30.66,19.41,462,9020
1769561965.828805625,ultra_ac,heavy_mixed,23.91,100,42.3,6650,5263,65.0,1450,1.75,0,.26,1.60,30.66,19.41,462,9029
1769561968.839205818,ultra_ac,heavy_mixed,23.91,100,38.1,5982,4692,66.0,1500,2.01,11.10,.52,1.56,30.69,19.60,459,9571
